Region	Population
01001	55,869
01003	223,234
01005	24,686
01007	22,394
01009	57,826
01011	10,101
01013	19,448
01015	113,605
01017	33,254
01019	26,196
01021	44,428
01023	12,589
01025	23,622
01027	13,235
01029	14,910
01031	52,342
01033	55,241
01035	12,067
01037	10,663
01039	37,049
01041	13,772
01043	83,768
01045	49,172
01047	37,196
01049	71,513
01051	81,209
01053	36,633
01055	102,268
01057	16,302
01059	31,362
01061	26,271
01063	8,111
01065	14,651
01067	17,205
01069	105,882
01071	51,626
01073	658,573
01075	13,805
01077	92,729
01079	32,924
01081	164,542
01083	98,915
01085	9,726
01087	18,068
01089	372,909
01091	18,863
01093	29,709
01095	96,774
01097	413,210
01099	20,733
01101	226,486
01103	119,679
01105	8,923
01107	19,930
01109	33,114
01111	22,722
01113	57,961
01115	89,512
01117	217,702
01119	12,427
01121	79,978
01123	40,367
01125	209,355
01127	63,521
01129	16,326
01131	10,373
01133	23,629
02013	3,337
02016	5,634
02020	288,000
02050	18,386
02060	836
02068	2,097
02070	4,916
02090	96,849
02100	2,530
02105	2,148
02110	31,974
02122	58,708
02130	13,901
02150	12,998
02270	8,314
02164	1,592
02170	108,317
02180	10,004
02185	9,832
02188	7,621
02195	3,266
02198	6,203
02220	8,493
02230	1,183
02240	6,893
02261	9,202
02275	2,502
02282	579
02290	5,230
04001	71,887
04003	125,922
04005	143,476
04007	54,018
04009	38,837
04011	9,498
04012	21,108
04013	4,485,414
04015	212,181
04017	110,924
04019	1,047,279
04021	462,789
04023	46,498
04025	235,099
04027	213,787
05001	17,486
05003	19,657
05005	41,932
05007	279,141
05009	37,432
05011	10,763
05013	5,189
05015	28,380
05017	10,118
05019	22,320
05021	14,551
05023	24,919
05025	7,956
05027	23,457
05029	20,846
05031	110,332
05033	63,257
05035	47,955
05037	16,419
05039	7,009
05041	11,361
05043	18,219
05045	126,007
05047	17,715
05049	12,477
05051	99,386
05053	18,265
05055	45,325
05057	21,532
05059	33,771
05061	13,202
05063	37,825
05065	13,629
05067	16,719
05069	66,824
05071	26,578
05073	6,624
05075	16,406
05077	8,857
05079	13,024
05081	12,259
05083	21,466
05085	73,309
05087	16,576
05089	16,694
05091	43,257
05093	40,651
05095	6,701
05097	8,986
05099	8,252
05101	7,753
05103	23,382
05105	10,455
05107	17,782
05109	10,718
05111	23,528
05113	19,964
05115	64,072
05117	8,062
05119	391,911
05121	17,958
05123	24,994
05125	122,437
05127	10,281
05129	7,881
05131	127,827
05133	17,007
05135	17,442
05137	12,506
05139	38,682
05141	16,545
05143	239,187
05145	78,753
05147	6,320
05149	21,341
06001	1,671,329
06003	1,129
06005	39,752
06007	219,186
06009	45,905
06011	21,547
06013	1,153,526
06015	27,812
06017	192,843
06019	999,101
06021	28,393
06023	135,558
06025	181,215
06027	18,039
06029	900,202
06031	152,940
06033	64,386
06035	30,573
06037	10,039,107
06039	157,327
06041	258,826
06043	17,203
06045	86,749
06047	277,680
06049	8,841
06051	14,444
06053	434,061
06055	137,744
06057	99,755
06059	3,175,692
06061	398,329
06063	18,807
06065	2,470,546
06067	1,552,058
06069	62,808
06071	2,180,085
06073	3,338,330
06075	881,549
06077	762,148
06079	283,111
06081	766,573
06083	446,499
06085	1,927,852
06087	273,213
06089	180,080
06091	3,005
06093	43,539
06095	447,643
06097	494,336
06099	550,660
06101	96,971
06103	65,084
06105	12,285
06107	466,195
06109	54,478
06111	846,006
06113	220,500
06115	78,668
08001	517,421
08003	16,233
08005	656,590
08007	14,029
08009	3,581
08011	5,577
08013	326,196
08014	70,465
08015	20,356
08017	1,831
08019	9,700
08021	8,205
08023	3,887
08025	6,061
08027	5,068
08029	31,162
08031	727,211
08033	2,055
08035	351,154
08037	55,127
08039	26,729
08041	720,403
08043	47,839
08045	60,061
08047	6,243
08049	15,734
08051	17,462
08053	820
08055	6,897
08057	1,392
08059	582,881
08061	1,406
08063	7,097
08065	8,127
08067	56,221
08069	356,899
08071	14,506
08073	5,701
08075	22,409
08077	154,210
08079	769
08081	13,283
08083	26,183
08085	42,758
08087	29,068
08089	18,278
08091	4,952
08093	18,845
08095	4,265
08097	17,767
08099	12,172
08101	168,424
08103	6,324
08105	11,267
08107	25,638
08109	6,824
08111	728
08113	8,179
08115	2,248
08117	31,011
08119	25,388
08121	4,908
08123	324,492
08125	10,019
09001	943,332
09003	891,720
09005	180,333
09007	162,436
09009	854,757
09011	265,206
09013	150,721
09015	116,782
10001	180,786
10003	558,753
10005	234,225
11001	705,749
12001	269,043
12003	29,210
12005	174,705
12007	28,201
12009	601,942
12011	1,952,778
12013	14,105
12015	188,910
12017	149,657
12019	219,252
12021	384,902
12023	71,686
12027	38,001
12029	16,826
12031	957,755
12033	318,316
12035	115,081
12037	12,125
12039	45,660
12041	18,582
12043	13,811
12045	13,639
12047	14,428
12049	26,937
12051	42,022
12053	193,920
12055	106,221
12057	1,471,968
12059	19,617
12061	159,923
12063	46,414
12065	14,246
12067	8,422
12069	367,118
12071	770,577
12073	293,582
12075	41,503
12077	8,354
12079	18,493
12081	403,253
12083	365,579
12085	161,000
12086	2,716,940
12087	74,228
12089	88,625
12091	210,738
12093	42,168
12095	1,393,452
12097	375,751
12099	1,496,770
12101	553,947
12103	974,996
12105	724,777
12107	74,521
12109	264,672
12111	328,297
12113	184,313
12115	433,742
12117	471,826
12119	132,420
12121	44,417
12123	21,569
12125	15,237
12127	553,284
12129	33,739
12131	74,071
12133	25,473
13001	18,386
13003	8,165
13005	11,164
13007	3,038
13009	44,890
13011	19,234
13013	83,240
13015	107,738
13017	16,700
13019	19,397
13021	153,159
13023	12,873
13025	19,109
13027	15,457
13029	39,627
13031	79,608
13033	22,383
13035	24,936
13037	6,189
13039	54,666
13043	10,803
13045	119,992
13047	67,580
13049	13,392
13051	289,430
13053	10,907
13055	24,789
13057	258,773
13059	128,331
13061	2,834
13063	292,256
13065	6,618
13067	760,141
13069	43,273
13071	45,600
13073	156,714
13075	17,270
13077	148,509
13079	12,404
13081	22,372
13083	16,116
13085	26,108
13087	26,404
13089	759,297
13091	20,605
13093	13,390
13095	87,956
13097	146,343
13099	10,190
13101	4,006
13103	64,296
13105	19,194
13107	22,646
13109	10,654
13111	26,188
13113	114,421
13115	98,498
13117	244,252
13119	23,349
13121	1,063,937
13123	31,369
13125	2,971
13127	85,292
13129	57,963
13131	24,633
13133	18,324
13135	936,250
13137	45,328
13139	204,441
13141	8,457
13143	29,792
13145	35,236
13147	26,205
13149	11,923
13151	234,561
13153	157,863
13155	9,416
13157	72,977
13159	14,219
13161	15,115
13163	15,362
13165	8,676
13167	9,643
13169	28,735
13171	19,077
13173	10,423
13175	47,546
13177	29,992
13179	61,435
13181	7,921
13183	19,559
13185	117,406
13187	33,610
13189	21,312
13191	14,378
13193	12,947
13195	29,880
13197	8,359
13199	21,167
13201	5,718
13205	21,863
13207	27,578
13209	9,172
13211	19,276
13213	40,096
13215	195,769
13217	111,744
13219	40,280
13221	15,259
13223	168,667
13225	27,546
13227	32,591
13229	19,465
13231	18,962
13233	42,613
13235	11,137
13237	22,119
13239	2,299
13241	17,137
13243	6,778
13245	202,518
13247	90,896
13249	5,257
13251	13,966
13253	8,090
13255	66,703
13257	25,925
13259	6,621
13261	29,524
13263	6,195
13265	1,537
13267	25,286
13269	8,020
13271	15,860
13273	8,531
13275	44,451
13277	40,644
13279	26,830
13281	12,037
13283	6,901
13285	69,922
13287	7,985
13289	8,120
13291	24,511
13293	26,320
13295	69,761
13297	94,593
13299	35,734
13301	5,254
13303	20,374
13305	29,927
13307	2,607
13309	7,855
13311	30,798
13313	104,628
13315	8,635
13317	9,777
13319	8,954
13321	20,247
15001	201,513
15003	974,563
15005	86
15007	72,293
15009	167,417
16001	481,587
16003	4,294
16005	87,808
16007	6,125
16009	9,298
16011	46,811
16013	23,021
16015	7,831
16017	45,739
16019	119,062
16021	12,245
16023	2,597
16025	1,106
16027	229,849
16029	7,155
16031	24,030
16033	845
16035	8,756
16037	4,315
16039	27,511
16041	13,876
16043	13,099
16045	18,112
16047	15,179
16049	16,667
16051	29,871
16053	24,412
16055	165,697
16057	40,108
16059	8,027
16061	3,838
16063	5,366
16065	39,907
16067	21,039
16069	40,408
16071	4,531
16073	11,823
16075	23,951
16077	7,681
16079	12,882
16081	12,142
16083	86,878
16085	11,392
16087	10,194
17001	65,435
17003	5,761
17005	16,426
17007	53,544
17009	6,578
17011	32,628
17013	4,739
17015	14,305
17017	12,147
17019	209,689
17021	32,304
17023	15,441
17025	13,184
17027	37,562
17029	50,621
17031	5,150,233
17033	18,667
17035	10,766
17037	104,897
17039	15,638
17041	19,465
17043	922,921
17045	17,161
17047	6,395
17049	34,008
17051	21,336
17053	12,961
17055	38,469
17057	34,340
17059	4,828
17061	12,969
17063	51,054
17065	8,116
17067	17,708
17069	3,821
17071	6,646
17073	48,913
17075	27,114
17077	56,750
17079	9,610
17081	37,684
17083	21,773
17085	21,235
17087	12,417
17089	532,403
17091	109,862
17093	128,990
17095	49,699
17097	696,535
17099	108,669
17101	15,678
17103	34,096
17105	35,648
17107	28,618
17109	29,682
17111	307,774
17113	171,517
17115	104,009
17117	44,926
17119	262,966
17121	37,205
17123	11,438
17125	13,359
17127	13,772
17129	12,196
17131	15,437
17133	34,637
17135	28,414
17137	33,658
17139	14,501
17141	50,643
17143	179,179
17145	20,916
17147	16,344
17149	15,561
17151	4,177
17153	5,335
17155	5,739
17157	31,782
17159	15,513
17161	141,879
17163	259,686
17165	23,491
17167	194,672
17169	6,768
17171	4,951
17173	21,634
17175	5,342
17177	44,498
17179	131,803
17181	16,653
17183	75,758
17185	11,520
17187	16,844
17189	13,887
17191	16,215
17193	13,537
17195	55,175
17197	690,743
17199	66,597
17201	282,572
17203	38,459
18001	35,777
18003	379,299
18005	83,779
18007	8,748
18009	11,758
18011	67,843
18013	15,092
18015	20,257
18017	37,689
18019	118,302
18021	26,225
18023	32,399
18025	10,577
18027	33,351
18029	49,458
18031	26,559
18033	43,475
18035	114,135
18037	42,736
18039	206,341
18041	23,102
18043	78,522
18045	16,346
18047	22,758
18049	19,974
18051	33,659
18053	65,769
18055	31,922
18057	338,011
18059	78,168
18061	40,515
18063	170,311
18065	47,972
18067	82,544
18069	36,520
18071	44,231
18073	33,562
18075	20,436
18077	32,308
18079	27,735
18081	158,167
18083	36,594
18085	79,456
18087	39,614
18089	485,493
18091	109,888
18093	45,370
18095	129,569
18097	964,582
18099	46,258
18101	10,255
18103	35,516
18105	148,431
18107	38,338
18109	70,489
18111	13,984
18113	47,744
18115	5,875
18117	19,646
18119	20,799
18121	16,937
18123	19,169
18125	12,389
18127	170,389
18129	25,427
18131	12,353
18133	37,576
18135	24,665
18137	28,324
18139	16,581
18141	271,826
18143	23,873
18145	44,729
18147	20,277
18149	22,995
18151	34,594
18153	20,669
18155	10,751
18157	195,732
18159	15,148
18161	7,054
18163	181,451
18165	15,498
18167	107,038
18169	30,996
18171	8,265
18173	62,998
18175	28,036
18177	65,884
18179	28,296
18181	24,102
18183	33,964
19001	7,152
19003	3,602
19005	13,687
19007	12,426
19009	5,496
19011	25,645
19013	131,228
19015	26,234
19017	25,062
19019	21,175
19021	19,620
19023	14,439
19025	9,668
19027	20,165
19029	12,836
19031	18,627
19033	42,450
19035	11,235
19037	11,933
19039	9,395
19041	16,016
19043	17,549
19045	46,429
19047	16,820
19049	93,453
19051	9,000
19053	7,870
19055	17,011
19057	38,967
19059	17,258
19061	97,311
19063	9,208
19065	19,650
19067	15,642
19069	10,070
19071	6,960
19073	8,888
19075	12,232
19077	10,689
19079	14,773
19081	10,630
19083	16,846
19085	14,049
19087	19,954
19089	9,158
19091	9,558
19093	6,860
19095	16,184
19097	19,439
19099	37,185
19101	18,295
19103	151,140
19105	20,681
19107	10,246
19109	14,813
19111	33,657
19113	226,706
19115	11,035
19117	8,600
19119	11,755
19121	16,338
19123	22,095
19125	33,253
19127	39,369
19129	15,109
19131	10,586
19133	8,615
19135	7,707
19137	9,917
19139	42,664
19141	13,753
19143	5,958
19145	15,107
19147	8,886
19149	25,177
19151	6,619
19153	490,161
19155	93,206
19157	18,504
19159	4,894
19161	9,721
19163	172,943
19165	11,454
19167	34,855
19169	97,117
19171	16,854
19173	6,121
19175	12,241
19177	7,044
19179	34,969
19181	51,466
19183	21,965
19185	6,441
19187	35,904
19189	10,354
19191	19,991
19193	103,107
19195	7,381
19197	12,562
20001	12,369
20003	7,858
20005	16,073
20007	4,427
20009	25,779
20011	14,534
20013	9,564
20015	66,911
20017	2,648
20019	3,250
20021	19,939
20023	2,657
20025	1,994
20027	8,002
20029	8,786
20031	8,179
20033	1,700
20035	34,908
20037	38,818
20039	2,827
20041	18,466
20043	7,600
20045	122,259
20047	2,798
20049	2,530
20051	28,553
20053	6,102
20055	36,467
20057	33,619
20059	25,544
20061	31,670
20063	2,636
20065	2,482
20067	7,150
20069	5,988
20071	1,232
20073	5,982
20075	2,539
20077	5,436
20079	34,429
20081	3,968
20083	1,794
20085	13,171
20087	19,043
20089	2,879
20091	602,401
20093	3,838
20095	7,152
20097	2,475
20099	19,618
20101	1,535
20103	81,758
20105	2,962
20107	9,703
20109	2,794
20111	33,195
20113	28,542
20115	11,884
20117	9,707
20119	4,033
20121	34,237
20123	5,979
20125	31,829
20127	5,620
20129	2,587
20131	10,231
20133	16,007
20135	2,750
20137	5,361
20139	15,949
20141	3,421
20143	5,704
20145	6,414
20147	5,234
20149	24,383
20151	9,164
20153	2,530
20155	61,998
20157	4,636
20159	9,537
20161	74,232
20163	4,920
20165	3,036
20167	6,856
20169	54,224
20171	4,823
20173	516,042
20175	21,428
20177	176,875
20179	2,521
20181	5,917
20183	3,583
20185	4,156
20187	2,006
20189	5,485
20191	22,836
20193	7,777
20195	2,803
20197	6,931
20199	1,518
20201	5,406
20203	2,119
20205	8,525
20207	3,138
20209	165,429
21001	19,202
21003	21,315
21005	22,747
21007	7,888
21009	44,249
21011	12,500
21013	26,032
21015	133,581
21017	19,788
21019	46,718
21021	30,060
21023	8,303
21025	12,630
21027	20,477
21029	81,676
21031	12,879
21033	12,747
21035	39,001
21037	93,584
21039	4,760
21041	10,631
21043	26,797
21045	16,159
21047	70,461
21049	36,263
21051	19,901
21053	10,218
21055	8,806
21057	6,614
21059	101,511
21061	12,150
21063	7,517
21065	14,106
21067	323,152
21069	14,581
21071	35,589
21073	50,991
21075	5,969
21077	8,869
21079	17,666
21081	25,069
21083	37,266
21085	26,427
21087	10,941
21089	35,098
21091	8,722
21093	110,958
21095	26,010
21097	18,886
21099	19,035
21101	45,210
21103	16,126
21105	4,380
21107	44,686
21109	13,329
21111	766,757
21113	54,115
21115	22,188
21117	166,998
21119	14,806
21121	31,145
21123	14,398
21125	60,813
21127	15,317
21129	7,403
21131	9,877
21133	21,553
21135	13,275
21137	24,549
21139	9,194
21141	27,102
21143	8,210
21145	65,418
21147	17,231
21149	9,207
21151	92,987
21153	12,161
21155	19,273
21157	31,100
21159	11,195
21161	17,070
21163	28,572
21165	6,489
21167	21,933
21169	10,071
21171	10,650
21173	28,157
21175	13,309
21177	30,622
21179	46,233
21181	7,269
21183	23,994
21185	66,799
21187	10,901
21189	4,415
21191	14,590
21193	25,758
21195	57,876
21197	12,359
21199	64,979
21201	2,108
21203	16,695
21205	24,460
21207	17,923
21209	57,004
21211	49,024
21213	18,572
21215	19,351
21217	25,769
21219	12,294
21221	14,651
21223	8,471
21225	14,381
21227	132,896
21229	12,095
21231	20,333
21233	12,942
21235	36,264
21237	7,157
21239	26,734
22001	62,045
22003	25,627
22005	126,604
22007	21,891
22009	40,144
22011	37,497
22013	13,241
22015	127,039
22017	240,204
22019	203,436
22021	9,918
22023	6,973
22025	9,494
22027	15,670
22029	19,259
22031	27,463
22033	440,059
22035	6,861
22037	19,135
22039	33,395
22041	20,015
22043	22,389
22045	69,830
22047	32,511
22049	15,744
22051	432,493
22053	31,368
22055	244,390
22057	97,614
22059	14,892
22061	46,742
22063	140,789
22065	10,951
22067	24,874
22069	38,158
22071	390,144
22073	153,279
22075	23,197
22077	21,730
22079	129,648
22081	8,442
22083	20,122
22085	23,884
22087	47,244
22089	53,100
22091	10,132
22093	21,096
22095	42,837
22097	82,124
22099	53,431
22101	49,348
22103	260,419
22105	134,758
22107	4,334
22109	110,461
22111	22,108
22113	59,511
22115	47,429
22117	46,194
22119	38,340
22121	26,465
22123	10,830
22125	15,568
22127	13,904
23001	108,277
23003	67,055
23005	295,003
23007	30,199
23009	54,987
23011	122,302
23013	39,772
23015	34,634
23017	57,975
23019	152,148
23021	16,785
23023	35,856
23025	50,484
23027	39,715
23029	31,379
23031	207,641
24001	70,416
24003	579,234
24005	827,370
24009	92,525
24011	33,406
24013	168,447
24015	102,855
24017	163,257
24019	31,929
24021	259,547
24023	29,014
24025	255,441
24027	325,690
24029	19,422
24031	1,050,688
24033	909,327
24035	50,381
24037	113,510
24039	25,616
24041	37,181
24043	151,049
24045	103,609
24047	52,276
24510	593,490
25001	212,990
25003	124,944
25005	565,217
25007	17,332
25009	789,034
25011	70,180
25013	466,372
25015	160,830
25017	1,611,699
25019	11,399
25021	706,775
25023	521,202
25025	803,907
25027	830,622
26001	10,405
26003	9,108
26005	118,081
26007	28,405
26009	23,324
26011	14,883
26013	8,209
26015	61,550
26017	103,126
26019	17,766
26021	153,401
26023	43,517
26025	134,159
26027	51,787
26029	26,143
26031	25,276
26033	37,349
26035	30,950
26037	79,595
26039	14,029
26041	35,784
26043	25,239
26045	110,268
26047	33,415
26049	405,813
26051	25,449
26053	13,975
26055	93,088
26057	40,711
26059	45,605
26061	35,684
26063	30,981
26065	292,406
26067	64,697
26069	25,127
26071	11,066
26073	69,872
26075	158,510
26077	265,066
26079	18,038
26081	656,955
26083	2,116
26085	11,853
26087	87,607
26089	21,761
26091	98,451
26093	191,995
26095	6,229
26097	10,799
26099	873,972
26101	24,558
26103	66,699
26105	29,144
26107	43,453
26109	22,780
26111	83,156
26113	15,118
26115	150,500
26117	63,888
26119	9,328
26121	173,566
26123	48,980
26125	1,257,584
26127	26,467
26129	20,997
26131	5,720
26133	23,460
26135	8,241
26137	24,668
26139	291,830
26141	12,592
26143	24,019
26145	190,539
26147	159,128
26149	60,964
26151	41,170
26153	8,094
26155	68,122
26157	52,245
26159	75,677
26161	367,601
26163	1,749,343
26165	33,631
27001	15,886
27003	356,921
27005	34,423
27007	47,188
27009	40,889
27011	4,991
27013	67,653
27015	25,008
27017	35,871
27019	105,089
27021	29,779
27023	11,800
27025	56,579
27027	64,222
27029	8,818
27031	5,463
27033	11,196
27035	65,055
27037	429,021
27039	20,934
27041	38,141
27043	13,653
27045	21,067
27047	30,281
27049	46,340
27051	5,972
27053	1,265,843
27055	18,600
27057	21,491
27059	40,596
27061	45,130
27063	9,846
27065	16,337
27067	43,199
27069	4,298
27071	12,229
27073	6,623
27075	10,641
27077	3,740
27079	28,887
27081	5,639
27083	25,474
27085	35,893
27087	5,527
27089	9,336
27091	19,683
27093	23,222
27095	26,277
27097	33,386
27099	40,062
27101	8,194
27103	34,274
27105	21,629
27107	6,375
27109	158,293
27111	58,746
27113	14,119
27115	29,579
27117	9,126
27119	31,364
27121	11,249
27123	550,321
27125	4,055
27127	15,170
27129	14,548
27131	66,972
27133	9,315
27135	15,165
27137	199,070
27139	149,013
27141	97,238
27143	14,865
27145	161,075
27147	36,649
27149	9,805
27151	9,266
27153	24,664
27155	3,259
27157	21,627
27159	13,682
27161	18,612
27163	262,440
27165	10,897
27167	6,207
27169	50,484
27171	138,377
27173	9,709
28001	30,693
28003	36,953
28005	12,297
28007	18,174
28009	8,259
28011	30,628
28013	14,361
28015	9,947
28017	17,103
28019	8,210
28021	8,988
28023	15,541
28025	19,316
28027	22,124
28029	28,065
28031	18,636
28033	184,945
28035	74,897
28037	7,713
28039	24,500
28041	13,586
28043	20,758
28045	47,632
28047	208,080
28049	231,840
28051	17,010
28053	8,064
28055	1,327
28057	23,390
28059	143,617
28061	16,383
28063	6,990
28065	11,128
28067	68,098
28069	9,742
28071	54,019
28073	63,343
28075	74,125
28077	12,586
28079	22,786
28081	85,436
28083	28,183
28085	34,153
28087	58,595
28089	106,272
28091	24,573
28093	35,294
28095	35,252
28097	9,775
28099	29,118
28101	21,018
28103	10,417
28105	49,587
28107	34,192
28109	55,535
28111	11,973
28113	39,288
28115	32,174
28117	25,126
28119	6,792
28121	155,271
28123	28,124
28125	4,321
28127	26,658
28129	15,916
28131	18,336
28133	25,110
28135	13,809
28137	28,321
28139	22,015
28141	19,383
28143	9,632
28145	28,815
28147	14,286
28149	45,381
28151	43,909
28153	20,183
28155	9,689
28157	8,630
28159	17,955
28161	12,108
28163	29,690
29001	25,343
29003	17,712
29005	5,143
29007	25,388
29009	35,789
29011	11,754
29013	16,172
29015	19,443
29017	12,133
29019	180,463
29021	87,364
29023	42,478
29025	9,020
29027	44,743
29029	46,305
29031	78,871
29033	8,679
29035	5,982
29037	105,780
29039	14,349
29041	7,426
29043	88,595
29045	6,797
29047	249,948
29049	20,387
29051	76,745
29053	17,709
29055	23,920
29057	7,561
29059	16,878
29061	8,278
29063	12,547
29065	15,573
29067	13,185
29069	29,131
29071	103,967
29073	14,706
29075	6,571
29077	293,086
29079	9,850
29081	8,352
29083	21,824
29085	9,544
29087	4,403
29089	10,001
29091	40,117
29093	10,125
29095	703,011
29097	121,328
29099	225,081
29101	54,062
29103	3,959
29105	35,723
29107	32,708
29109	38,355
29111	9,776
29113	59,013
29115	11,920
29117	15,227
29119	22,837
29121	15,117
29123	12,088
29125	8,697
29127	28,530
29129	3,617
29131	25,619
29133	13,180
29135	16,132
29137	8,644
29139	11,551
29141	20,627
29143	17,076
29145	58,236
29147	22,092
29149	10,529
29151	13,615
29153	9,174
29155	15,805
29157	19,136
29159	42,339
29161	44,573
29163	18,302
29165	104,418
29167	32,149
29169	52,607
29171	4,696
29173	10,309
29175	24,748
29177	23,018
29179	6,270
29181	13,288
29183	402,022
29185	9,397
29186	17,894
29187	67,215
29189	994,205
29195	22,761
29197	4,660
29199	4,902
29201	38,280
29203	8,166
29205	5,930
29207	29,025
29209	31,952
29211	6,089
29213	55,928
29215	25,398
29217	20,563
29219	35,649
29221	24,730
29223	12,873
29225	39,592
29227	2,013
29229	18,289
29510	300,576
30001	9,453
30003	13,319
30005	6,681
30007	6,237
30009	10,725
30011	1,252
30013	81,366
30015	5,635
30017	11,402
30019	1,690
30021	8,613
30023	9,140
30025	2,846
30027	11,050
30029	103,806
30031	114,434
30033	1,258
30035	13,753
30037	821
30039	3,379
30041	16,484
30043	12,221
30045	2,007
30047	30,458
30049	69,432
30051	2,337
30053	19,980
30055	1,664
30057	8,600
30059	1,862
30061	4,397
30063	119,600
30065	4,633
30067	16,606
30069	487
30071	3,954
30073	5,911
30075	1,682
30077	6,890
30079	1,077
30081	43,806
30083	10,803
30085	11,004
30087	8,937
30089	12,113
30091	3,309
30093	34,915
30095	9,642
30097	3,737
30099	6,147
30101	4,736
30103	696
30105	7,396
30107	2,126
30109	969
30111	161,300
31001	31,363
31003	6,298
31005	463
31007	745
31009	465
31011	5,192
31013	10,783
31015	1,919
31017	2,955
31019	49,659
31021	6,459
31023	8,016
31025	26,248
31027	8,402
31029	3,924
31031	5,689
31033	8,910
31035	6,203
31037	10,709
31039	8,846
31041	10,777
31043	20,026
31045	8,589
31047	23,595
31049	1,794
31051	5,636
31053	36,565
31055	571,327
31057	1,693
31059	5,462
31061	2,979
31063	2,627
31065	4,676
31067	21,513
31069	1,837
31071	1,969
31073	1,990
31075	623
31077	2,356
31079	61,353
31081	9,324
31083	3,380
31085	922
31087	2,762
31089	10,067
31091	682
31093	6,445
31095	7,046
31097	5,071
31099	6,495
31101	8,034
31103	806
31105	3,632
31107	8,332
31109	319,090
31111	34,914
31113	748
31115	664
31117	494
31119	35,099
31121	7,755
31123	4,642
31125	3,519
31127	6,972
31129	4,148
31131	16,012
31133	2,613
31135	2,891
31137	9,034
31139	7,148
31141	33,470
31143	5,213
31145	10,724
31147	7,865
31149	1,357
31151	14,224
31153	187,196
31155	21,578
31157	35,618
31159	17,284
31161	5,246
31163	3,001
31165	1,166
31167	5,920
31169	5,003
31171	722
31173	7,224
31175	4,158
31177	20,729
31179	9,385
31181	3,487
31183	783
31185	13,679
32001	24,909
32003	2,266,715
32005	48,905
32007	52,778
32009	873
32011	2,029
32013	16,831
32015	5,532
32017	5,183
32019	57,510
32021	4,505
32023	46,523
32027	6,725
32029	4,123
32031	471,519
32033	9,580
32510	55,916
33001	61,303
33003	48,910
33005	76,085
33007	31,563
33009	89,886
33011	417,025
33013	151,391
33015	309,769
33017	130,633
33019	43,146
34001	263,670
34003	932,202
34005	445,349
34007	506,471
34009	92,039
34011	149,527
34013	798,975
34015	291,636
34017	672,391
34019	124,371
34021	367,430
34023	825,062
34025	618,795
34027	491,845
34029	607,186
34031	501,826
34033	62,385
34035	328,934
34037	140,488
34039	556,341
34041	105,267
35001	679,121
35003	3,527
35005	64,615
35006	26,675
35007	11,941
35009	48,954
35011	1,748
35013	218,195
35015	58,460
35017	26,998
35019	4,300
35021	625
35023	4,198
35025	71,070
35027	19,572
35028	19,369
35029	23,709
35031	71,367
35033	4,521
35035	67,490
35037	8,253
35039	38,921
35041	18,500
35043	146,748
35045	123,958
35047	27,277
35049	150,358
35051	10,791
35053	16,637
35055	32,723
35057	15,461
35059	4,059
35061	76,688
36001	305,506
36003	46,091
36005	1,418,207
36007	190,488
36009	76,117
36011	76,576
36013	126,903
36015	83,456
36017	47,207
36019	80,485
36021	59,461
36023	47,581
36025	44,135
36027	294,218
36029	918,702
36031	36,885
36033	50,022
36035	53,383
36037	57,280
36039	47,188
36041	4,416
36043	61,319
36045	109,834
36047	2,559,903
36049	26,296
36051	62,914
36053	70,941
36055	741,770
36057	49,221
36059	1,356,924
36061	1,628,706
36063	209,281
36065	228,671
36067	460,528
36069	109,777
36071	384,940
36073	40,352
36075	117,124
36077	59,493
36079	98,320
36081	2,253,858
36083	158,714
36085	476,143
36087	325,789
36089	107,740
36091	229,863
36093	155,299
36095	30,999
36097	17,807
36099	34,016
36101	95,379
36103	1,476,601
36105	75,432
36107	48,203
36109	102,180
36111	177,573
36113	63,944
36115	61,204
36117	89,918
36119	967,506
36121	39,859
36123	24,913
37001	169,509
37003	37,497
37005	11,137
37007	24,446
37009	27,203
37011	17,557
37013	46,994
37015	18,947
37017	32,722
37019	142,820
37021	261,191
37023	90,485
37025	216,453
37027	82,178
37029	10,867
37031	69,473
37033	22,604
37035	159,551
37037	74,470
37039	28,612
37041	13,943
37043	11,231
37045	97,947
37047	55,508
37049	102,139
37051	335,509
37053	27,763
37055	37,009
37057	167,609
37059	42,846
37061	58,741
37063	321,488
37065	51,472
37067	382,295
37069	69,685
37071	224,529
37073	11,562
37075	8,441
37077	60,443
37079	21,069
37081	537,174
37083	50,010
37085	135,976
37087	62,317
37089	117,417
37091	23,677
37093	55,234
37095	4,937
37097	181,806
37099	43,938
37101	209,339
37103	9,419
37105	61,779
37107	55,949
37109	86,111
37111	45,756
37113	35,858
37115	21,755
37117	22,440
37119	1,110,356
37121	14,964
37123	27,173
37125	100,880
37127	94,298
37129	234,473
37131	19,483
37133	197,938
37135	148,476
37137	12,726
37139	39,824
37141	63,060
37143	13,463
37145	39,490
37147	180,742
37149	20,724
37151	143,667
37153	44,829
37155	130,625
37157	91,010
37159	142,088
37161	67,029
37163	63,531
37165	34,823
37167	62,806
37169	45,591
37171	71,783
37173	14,271
37175	34,385
37177	4,016
37179	239,859
37181	44,535
37183	1,111,761
37185	19,731
37187	11,580
37189	56,177
37191	123,131
37193	68,412
37195	81,801
37197	37,667
37199	18,069
38001	2,216
38003	10,415
38005	6,832
38007	928
38009	6,282
38011	3,024
38013	2,115
38015	95,626
38017	181,923
38019	3,762
38021	4,872
38023	2,264
38025	4,424
38027	2,287
38029	3,241
38031	3,210
38033	1,761
38035	69,451
38037	2,274
38039	2,231
38041	2,499
38043	2,480
38045	4,046
38047	1,850
38049	5,745
38051	2,497
38053	15,024
38055	9,450
38057	8,187
38059	31,364
38061	10,545
38063	2,879
38065	1,959
38067	6,801
38069	3,975
38071	11,519
38073	5,218
38075	2,327
38077	16,177
38079	14,176
38081	3,898
38083	1,315
38085	4,230
38087	750
38089	31,489
38091	1,890
38093	20,704
38095	2,189
38097	8,036
38099	10,641
38101	67,641
38103	3,834
38105	37,589
39001	27,698
39003	102,351
39005	53,484
39007	97,241
39009	65,327
39011	45,656
39013	67,006
39015	43,432
39017	383,134
39019	26,914
39021	38,885
39023	134,083
39025	206,428
39027	41,968
39029	101,883
39031	36,600
39033	41,494
39035	1,235,072
39037	51,113
39039	38,087
39041	209,177
39043	74,266
39045	157,574
39047	28,525
39049	1,316,756
39051	42,126
39053	29,898
39055	93,649
39057	168,937
39059	38,875
39061	817,473
39063	75,783
39065	31,365
39067	15,040
39069	27,006
39071	43,161
39073	28,264
39075	43,960
39077	58,266
39079	32,413
39081	65,325
39083	62,322
39085	230,149
39087	59,463
39089	176,862
39091	45,672
39093	309,833
39095	428,348
39097	44,731
39099	228,683
39101	65,093
39103	179,746
39105	22,907
39107	41,172
39109	106,987
39111	13,654
39113	531,687
39115	14,508
39117	35,328
39119	86,215
39121	14,424
39123	40,525
39125	18,672
39127	36,134
39129	58,457
39131	27,772
39133	162,466
39135	40,882
39137	33,861
39139	121,154
39141	76,666
39143	58,518
39145	75,314
39147	55,178
39149	48,590
39151	370,606
39153	541,013
39155	197,974
39157	91,987
39159	58,988
39161	28,275
39163	13,085
39165	234,602
39167	59,911
39169	115,710
39171	36,692
39173	130,817
39175	21,772
40001	22,194
40003	5,702
40005	13,758
40007	5,311
40009	21,859
40011	9,429
40013	47,995
40015	28,762
40017	148,306
40019	48,111
40021	48,657
40023	14,672
40025	2,137
40027	284,014
40029	5,495
40031	120,749
40033	5,666
40035	14,142
40037	71,522
40039	29,003
40041	43,009
40043	4,891
40045	3,859
40047	61,056
40049	27,711
40051	55,834
40053	4,333
40055	5,712
40057	2,653
40059	3,688
40061	12,627
40063	13,279
40065	24,530
40067	6,002
40069	11,085
40071	43,538
40073	15,765
40075	8,708
40077	10,073
40079	49,853
40081	34,877
40083	48,011
40085	10,253
40087	40,474
40089	32,832
40091	19,596
40093	7,629
40095	16,931
40097	41,100
40099	14,073
40101	67,997
40103	11,131
40105	10,076
40107	11,993
40109	797,434
40111	38,465
40113	46,963
40115	31,127
40117	16,376
40119	81,784
40121	43,654
40123	38,284
40125	72,592
40127	11,096
40129	3,583
40131	92,459
40133	24,258
40135	41,569
40137	43,143
40139	19,983
40141	7,250
40143	651,552
40145	81,289
40147	51,527
40149	10,916
40151	8,793
40153	20,211
41001	16,124
41003	93,053
41005	418,187
41007	40,224
41009	52,354
41011	64,487
41013	24,404
41015	22,925
41017	197,692
41019	110,980
41021	1,912
41023	7,199
41025	7,393
41027	23,382
41029	220,944
41031	24,658
41033	87,487
41035	68,238
41037	7,869
41039	382,067
41041	49,962
41043	129,749
41045	30,571
41047	347,818
41049	11,603
41051	812,855
41053	86,085
41055	1,780
41057	27,036
41059	77,950
41061	26,835
41063	7,208
41065	26,682
41067	601,592
41069	1,332
41071	107,100
42001	103,009
42003	1,216,045
42005	64,735
42007	163,929
42009	47,888
42011	421,164
42013	121,829
42015	60,323
42017	628,270
42019	187,853
42021	130,192
42023	4,447
42025	64,182
42027	162,385
42029	524,989
42031	38,438
42033	79,255
42035	38,632
42037	64,964
42039	84,629
42041	253,370
42043	278,299
42045	566,747
42047	29,910
42049	269,728
42051	129,274
42053	7,247
42055	155,027
42057	14,530
42059	36,233
42061	45,144
42063	84,073
42065	43,425
42067	24,763
42069	209,674
42071	545,724
42073	85,512
42075	141,793
42077	369,318
42079	317,417
42081	113,299
42083	40,625
42085	109,424
42087	46,138
42089	170,271
42091	830,915
42093	18,230
42095	305,285
42097	90,843
42099	46,272
42101	1,584,064
42103	55,809
42105	16,526
42107	141,359
42109	40,372
42111	73,447
42113	6,066
42115	40,328
42117	40,591
42119	44,923
42121	50,668
42123	39,191
42125	206,865
42127	51,361
42129	348,899
42131	26,794
42133	449,058
44001	48,479
44003	164,292
44005	82,082
44007	638,931
44009	125,577
45001	24,527
45003	170,872
45005	8,688
45007	202,558
45009	14,066
45011	20,866
45013	192,122
45015	227,907
45017	14,553
45019	411,406
45021	57,300
45023	32,244
45025	45,650
45027	33,745
45029	37,677
45031	66,618
45033	30,479
45035	162,809
45037	27,260
45039	22,347
45041	138,293
45043	62,680
45045	523,542
45047	70,811
45049	19,222
45051	354,081
45053	30,073
45055	66,551
45057	98,012
45059	67,493
45061	16,828
45063	298,750
45065	9,463
45067	30,657
45069	26,118
45071	38,440
45073	79,546
45075	86,175
45077	126,884
45079	415,759
45081	20,473
45083	319,785
45085	106,721
45087	27,316
45089	30,368
45091	280,979
46003	2,751
46005	18,453
46007	3,365
46009	6,901
46011	35,077
46013	38,839
46015	5,297
46017	1,962
46019	10,429
46021	1,376
46023	9,292
46025	3,736
46027	14,070
46029	28,009
46031	4,086
46033	8,972
46035	19,775
46037	5,424
46039	4,351
46041	5,892
46043	2,921
46045	3,829
46047	6,713
46049	2,299
46051	7,052
46053	4,185
46055	1,899
46057	6,164
46059	3,191
46061	3,453
46063	1,298
46065	17,526
46067	7,291
46069	1,301
46071	3,344
46073	2,013
46075	903
46077	4,939
46079	12,797
46081	25,844
46083	61,128
46085	3,781
46087	5,586
46089	2,379
46091	4,935
46093	28,332
46095	2,061
46097	2,216
46099	193,134
46101	6,576
46113	14,177
46103	113,775
46105	2,865
46107	2,153
46109	10,394
46111	2,344
46115	6,376
46117	3,098
46119	1,391
46121	10,177
46123	5,441
46125	8,384
46127	15,932
46129	5,435
46135	22,814
46137	2,756
47001	76,978
47003	49,713
47005	16,160
47007	15,064
47009	133,088
47011	108,110
47013	39,842
47015	14,678
47017	27,767
47019	56,391
47021	40,667
47023	17,297
47025	31,959
47027	7,615
47029	36,004
47031	56,520
47033	14,230
47035	60,520
47037	694,144
47039	11,663
47041	20,490
47043	53,948
47045	37,159
47047	41,133
47049	18,523
47051	42,208
47053	49,133
47055	29,464
47057	23,320
47059	69,069
47061	13,427
47063	64,934
47065	367,804
47067	6,620
47069	25,050
47071	25,652
47073	56,786
47075	17,304
47077	28,117
47079	32,345
47081	25,178
47083	8,201
47085	18,582
47087	11,786
47089	54,495
47091	17,788
47093	470,313
47095	7,016
47097	25,633
47099	44,142
47101	12,268
47103	34,366
47105	54,068
47107	53,794
47109	25,694
47111	24,602
47113	97,984
47115	28,907
47117	34,375
47119	96,387
47121	12,422
47123	46,545
47125	208,993
47127	6,488
47129	21,403
47131	30,069
47133	22,241
47135	8,076
47137	5,048
47139	16,832
47141	80,245
47143	33,167
47145	53,382
47147	71,813
47149	332,285
47151	22,068
47153	15,026
47155	98,250
47157	937,166
47159	20,157
47161	13,715
47163	158,348
47165	191,283
47167	61,599
47169	11,284
47171	17,883
47173	19,972
47175	5,872
47177	41,277
47179	129,375
47181	16,673
47183	33,328
47185	27,345
47187	238,412
47189	144,657
48001	57,735
48003	18,705
48005	86,715
48007	23,510
48009	8,553
48011	1,887
48013	51,153
48015	30,032
48017	7,000
48019	23,112
48021	88,723
48023	3,509
48025	32,565
48027	362,924
48029	2,003,554
48031	11,931
48033	654
48035	18,685
48037	93,245
48039	374,264
48041	229,211
48043	9,203
48045	1,546
48047	7,093
48049	37,864
48051	18,443
48053	48,155
48055	43,664
48057	21,290
48059	13,943
48061	423,163
48063	13,094
48065	5,926
48067	30,026
48069	7,530
48071	43,837
48073	52,646
48075	7,306
48077	10,471
48079	2,853
48081	3,387
48083	8,175
48085	1,034,730
48087	2,920
48089	21,493
48091	156,209
48093	13,635
48095	2,726
48097	41,257
48099	75,951
48101	1,398
48103	4,797
48105	3,464
48107	5,737
48109	2,171
48111	7,287
48113	2,635,516
48115	12,728
48117	18,546
48119	5,331
48121	887,207
48123	20,160
48125	2,211
48127	10,124
48129	3,278
48131	11,157
48133	18,360
48135	166,223
48137	1,932
48139	184,826
48141	839,238
48143	42,698
48145	17,297
48147	35,514
48149	25,346
48151	3,830
48153	5,712
48155	1,155
48157	811,688
48159	10,725
48161	19,717
48163	20,306
48165	21,492
48167	342,139
48169	6,229
48171	26,988
48173	1,409
48175	7,658
48177	20,837
48179	21,886
48181	136,212
48183	123,945
48185	28,880
48187	166,847
48189	33,406
48191	2,964
48193	8,461
48195	5,399
48197	3,933
48199	57,602
48201	4,713,325
48203	66,553
48205	5,576
48207	5,658
48209	230,191
48211	3,819
48213	82,737
48215	868,707
48217	36,649
48219	23,021
48221	61,643
48223	37,084
48225	22,968
48227	36,664
48229	4,886
48231	98,594
48233	20,938
48235	1,536
48237	8,935
48239	14,760
48241	35,529
48243	2,274
48245	251,565
48247	5,200
48249	40,482
48251	175,817
48253	20,083
48255	15,601
48257	136,154
48259	47,431
48261	404
48263	762
48265	52,600
48267	4,337
48269	272
48271	3,667
48273	30,680
48275	3,664
48277	49,859
48279	12,893
48281	21,428
48283	7,520
48285	20,154
48287	17,239
48289	17,404
48291	88,219
48293	23,437
48295	3,233
48297	12,207
48299	21,795
48301	169
48303	310,569
48305	5,951
48307	7,984
48309	256,623
48311	743
48313	14,284
48315	9,854
48317	5,771
48319	4,274
48321	36,643
48323	58,722
48325	51,584
48327	2,138
48329	176,832
48331	24,823
48333	4,873
48335	8,545
48337	19,818
48339	607,391
48341	20,940
48343	12,388
48345	1,200
48347	65,204
48349	50,113
48351	13,595
48353	14,714
48355	362,294
48357	9,836
48359	2,112
48361	83,396
48363	29,189
48365	23,194
48367	142,878
48369	9,605
48371	15,823
48373	51,353
48375	117,415
48377	6,704
48379	12,514
48381	137,713
48383	3,849
48385	3,452
48387	12,023
48389	15,976
48391	6,948
48393	854
48395	17,074
48397	104,915
48399	10,264
48401	54,406
48403	10,542
48405	8,237
48407	28,859
48409	66,730
48411	6,055
48413	2,793
48415	16,703
48417	3,265
48419	25,274
48421	3,022
48423	232,751
48425	9,128
48427	64,633
48429	9,366
48431	1,291
48433	1,350
48435	3,776
48437	7,397
48439	2,102,515
48441	138,034
48443	776
48445	12,337
48447	1,501
48449	32,750
48451	119,200
48453	1,273,954
48455	14,651
48457	21,672
48459	41,753
48461	3,657
48463	26,741
48465	49,025
48467	56,590
48469	92,084
48471	72,971
48473	55,246
48475	11,998
48477	35,882
48479	276,652
48481	41,556
48483	5,056
48485	132,230
48487	12,769
48489	21,358
48491	590,551
48493	51,070
48495	8,010
48497	69,984
48499	45,539
48501	8,713
48503	18,010
48505	14,179
48507	11,840
49001	6,710
49003	56,046
49005	128,289
49007	20,463
49009	950
49011	355,481
49013	19,938
49015	10,012
49017	5,051
49019	9,754
49021	54,839
49023	12,017
49025	7,886
49027	13,188
49029	12,124
49031	1,479
49033	2,483
49035	1,160,437
49037	15,308
49039	30,939
49041	21,620
49043	42,145
49045	72,259
49047	35,734
49049	636,235
49051	34,091
49053	177,556
49055	2,711
49057	260,213
50001	36,777
50003	35,470
50005	29,993
50007	163,774
50009	6,163
50011	49,402
50013	7,235
50015	25,362
50017	28,892
50019	27,037
50021	58,191
50023	58,409
50025	42,222
50027	55,062
51001	32,316
51003	109,330
51005	14,860
51007	13,145
51009	31,605
51011	15,911
51013	236,842
51015	75,558
51017	4,147
51019	68,676
51021	6,280
51023	33,419
51025	16,231
51027	21,004
51029	17,148
51031	54,885
51033	30,725
51035	29,791
51036	6,963
51037	11,880
51041	352,802
51043	14,619
51045	5,131
51047	52,605
51049	9,932
51051	14,318
51053	28,544
51057	10,953
51059	1,147,532
51061	71,222
51063	15,749
51065	27,270
51067	56,042
51069	89,313
51071	16,720
51073	37,348
51075	23,753
51077	15,550
51079	19,819
51081	11,336
51083	33,911
51085	107,766
51087	330,818
51089	50,557
51091	2,190
51093	37,109
51095	76,523
51097	7,025
51099	26,836
51101	17,148
51103	10,603
51105	23,423
51107	413,538
51109	37,591
51111	12,196
51113	13,261
51115	8,834
51117	30,587
51119	10,582
51121	98,535
51125	14,930
51127	23,091
51131	11,710
51133	12,095
51135	15,232
51137	37,051
51139	23,902
51141	17,608
51143	60,354
51145	29,652
51147	22,802
51149	38,353
51153	470,335
51155	34,027
51157	7,370
51159	9,023
51161	94,186
51163	22,573
51165	81,948
51167	26,586
51169	21,566
51171	43,616
51173	30,104
51175	17,631
51177	136,215
51179	152,882
51181	6,422
51183	11,159
51185	40,595
51187	40,164
51191	53,740
51193	18,015
51195	37,383
51197	28,684
51199	68,280
51510	159,428
51515	6,222
51520	16,762
51530	6,478
51540	47,266
51550	244,835
51570	17,370
51580	5,538
51590	40,044
51595	5,346
51600	24,019
51610	14,617
51620	7,967
51630	29,036
51640	6,347
51650	134,510
51660	53,016
51670	22,529
51678	7,446
51680	82,168
51683	41,085
51685	17,478
51690	12,554
51700	179,225
51710	242,742
51720	3,981
51730	31,346
51735	12,271
51740	94,398
51750	18,249
51760	230,436
51770	99,143
51775	25,301
51790	24,932
51800	92,108
51810	449,974
51820	22,630
51830	14,954
51840	28,078
53001	19,983
53003	22,582
53005	204,390
53007	77,200
53009	77,331
53011	488,241
53013	3,985
53015	110,593
53017	43,429
53019	7,627
53021	95,222
53023	2,225
53025	97,733
53027	75,061
53029	85,141
53031	32,221
53033	2,252,782
53035	271,473
53037	47,935
53039	22,425
53041	80,707
53043	10,939
53045	66,768
53047	42,243
53049	22,471
53051	13,724
53053	904,980
53055	17,582
53057	129,205
53059	12,083
53061	822,083
53063	522,798
53065	45,723
53067	290,536
53069	4,488
53071	60,760
53073	229,247
53075	50,104
53077	250,873
54001	16,441
54003	119,171
54005	21,457
54007	13,957
54009	21,939
54011	91,945
54013	7,109
54015	8,508
54017	8,448
54019	42,406
54021	7,823
54023	11,568
54025	34,662
54027	23,175
54029	28,810
54031	13,776
54033	67,256
54035	28,576
54037	57,146
54039	178,124
54041	15,907
54043	20,409
54045	32,019
54047	17,624
54049	56,072
54051	30,531
54053	26,516
54055	58,758
54057	26,868
54059	23,424
54061	105,612
54063	13,275
54065	17,884
54067	24,496
54069	41,411
54071	6,969
54073	7,460
54075	8,247
54077	33,432
54079	56,450
54081	73,361
54083	28,695
54085	9,554
54087	13,688
54089	12,573
54091	16,695
54093	6,839
54095	8,591
54097	24,176
54099	39,402
54101	8,114
54103	15,065
54105	5,821
54107	83,518
54109	20,394
55001	20,220
55003	15,562
55005	45,244
55007	15,036
55009	264,542
55011	13,031
55013	15,414
55015	50,089
55017	64,658
55019	34,774
55021	57,532
55023	16,131
55025	546,695
55027	87,839
55029	27,668
55031	43,150
55033	45,368
55035	104,646
55037	4,295
55039	103,403
55041	9,004
55043	51,439
55045	36,960
55047	18,913
55049	23,678
55051	5,687
55053	20,643
55055	84,769
55057	26,687
55059	169,561
55061	20,434
55063	118,016
55065	16,665
55067	19,189
55069	27,593
55071	78,981
55073	135,692
55075	40,350
55077	15,574
55078	4,556
55079	945,726
55081	46,253
55083	37,930
55085	35,595
55087	187,885
55089	89,221
55091	7,287
55093	42,754
55095	43,783
55097	70,772
55099	13,351
55101	196,311
55103	17,252
55105	163,354
55107	14,178
55109	90,687
55111	64,442
55113	16,558
55115	40,899
55117	115,340
55119	20,343
55121	29,649
55123	30,822
55125	22,195
55127	103,868
55129	15,720
55131	136,034
55133	404,198
55135	50,990
55137	24,443
55139	171,907
55141	72,999
56001	38,880
56003	11,790
56005	46,341
56007	14,800
56009	13,822
56011	7,584
56013	39,261
56015	13,211
56017	4,413
56019	8,445
56021	99,500
56023	19,830
56025	79,858
56027	2,356
56029	29,194
56031	8,393
56033	30,485
56035	9,831
56037	42,343
56039	23,464
56041	20,226
56043	7,805
56045	6,927
